{"name":"Organiza - Gestão Financeira","short_name":"Organiza","description":"App completo para gestão financeira pessoal e familiar","start_url":"/","display":"standalone","background_color":"#ffffff","theme_color":"#3b82f6","orientation":"portrait-primary","scope":"/","lang":"pt-BR","categories":["finance","productivity"],"icons":[{"src":"/icons/icon-48x48.png","sizes":"48x48","type":"image/png","purpose":"any maskable"},{"src":"/icons/icon-72x72.png","sizes":"72x72","type":"image/png","purpose":"any maskable"},{"src":"/icons/icon-96x96.png","sizes":"96x96","type":"image/png","purpose":"any maskable"},{"src":"/icons/icon-144x144.png","sizes":"144x144","type":"image/png","purpose":"any maskable"},{"src":"/icons/icon-192x192.png","sizes":"192x192","type":"image/png","purpose":"any maskable"},{"src":"/icons/icon-512x512.png","sizes":"512x512","type":"image/png","purpose":"any maskable"}],"screenshots":[{"src":"/icons/icon-512x512.png","sizes":"512x512","type":"image/png","form_factor":"narrow"}],"shortcuts":[{"name":"Transações","short_name":"Transações","description":"Ver transações recentes","url":"/?tab=transactions","icons":[{"src":"/icons/icon-96x96.png","sizes":"96x96"}]},{"name":"Relatórios","short_name":"Relatórios","description":"Visualizar relatórios financeiros","url":"/reports","icons":[{"src":"/icons/icon-96x96.png","sizes":"96x96"}]},{"name":"Tarefas","short_name":"Tarefas","description":"Gerenciar tarefas agendadas","url":"/tasks","icons":[{"src":"/icons/icon-96x96.png","sizes":"96x96"}]}],"related_applications":[],"prefer_related_applications":false}